te_cell,rmse_tcn,rmse_lstm,rmse_tf
b1c11,100.64324951171875,108.66961669921875,91.05073547363281
b1c14,89.5285415649414,112.0759048461914,70.69242095947266
b1c15,60.81964111328125,85.50448608398438,68.33960723876953
b1c16,96.88236236572266,153.01966857910156,96.32774353027344
b1c17,97.06158447265625,116.92493438720703,102.56278991699219
b1c18,127.75284576416016,151.90931701660156,161.3693084716797
b1c19,50.41630172729492,105.05769348144531,112.77157592773438
b1c20,69.79737854003906,63.33592987060547,68.66339111328125
b1c21,88.8592529296875,98.36465454101562,97.6658706665039
b1c23,131.60989379882812,141.11395263671875,107.34748840332031
b1c24,105.86223602294922,137.42103576660156,81.57158660888672
b1c25,45.52116012573242,82.61717224121094,81.78400421142578
b1c26,46.522987365722656,70.40647888183594,64.54086303710938
b1c27,44.22737503051758,76.42052459716797,85.57452392578125
b1c28,59.472171783447266,60.54768371582031,95.78459167480469
b1c29,62.86973571777344,110.5967788696289,64.77149963378906
b1c30,56.73204803466797,56.924713134765625,58.59901809692383
b1c31,40.78517532348633,61.578895568847656,93.37105560302734
b1c32,32.60179901123047,65.69255828857422,55.91432189941406
b1c33,52.08937072753906,68.20051574707031,57.4337272644043
b1c34,72.45718383789062,133.39857482910156,110.42346954345703
b1c35,51.09296798706055,84.4905776977539,50.887271881103516
b1c36,33.07801055908203,52.56241226196289,93.08695983886719
b1c37,40.37508773803711,74.64863586425781,96.05081176757812
b1c38,54.728675842285156,86.65765380859375,98.55420684814453
b1c39,44.11318588256836,90.41036224365234,75.68305969238281
b1c40,108.60089111328125,134.818115234375,153.1896209716797
b1c41,146.8523406982422,133.95420837402344,208.20455932617188
b1c42,34.07833480834961,80.66334533691406,92.40265655517578
b1c43,52.96220397949219,69.4771728515625,73.79644775390625
b1c44,46.32236862182617,52.19633483886719,37.29069519042969
b1c45,57.50817108154297,59.38317108154297,70.54443359375
b1c5,213.7591094970703,219.18124389648438,188.338623046875
b1c6,39.846710205078125,83.20703887939453,80.71582794189453
b1c7,50.533790588378906,74.59001922607422,52.30106735229492
b1c9,93.21732330322266,78.4034652709961,96.33799743652344
b2c0,104.64459991455078,86.5873031616211,61.72217559814453
b2c1,135.81971740722656,100.00365447998047,75.79320526123047
b2c10,30.157785415649414,76.62427520751953,68.49021911621094
b2c11,98.88579559326172,58.455848693847656,35.871559143066406
b2c12,100.86359405517578,73.6926040649414,87.96477508544922
b2c13,80.8603515625,121.39745330810547,94.31376647949219
b2c14,134.19383239746094,163.99227905273438,95.48210906982422
b2c17,48.913421630859375,53.67959213256836,37.593990325927734
b2c18,34.45631408691406,69.073974609375,70.34825134277344
b2c19,68.92943572998047,68.99556732177734,65.81769561767578
b2c2,99.83525085449219,77.42797088623047,38.18803405761719
b2c20,179.3517608642578,173.31227111816406,128.17660522460938
b2c21,77.36517333984375,109.89417266845703,33.85409164428711
b2c22,111.24767303466797,125.3492202758789,105.40304565429688
b2c23,28.41106605529785,126.04310607910156,57.95186233520508
b2c24,78.03121948242188,41.091575622558594,34.667850494384766
b2c25,47.981178283691406,26.86370086669922,33.20268630981445
b2c26,62.97403335571289,117.09573364257812,34.032386779785156
b2c27,86.40370178222656,37.229156494140625,68.64031219482422
b2c28,116.39938354492188,120.93000030517578,36.52046585083008
b2c29,126.0289535522461,172.93360900878906,111.29420471191406
b2c3,106.17394256591797,139.07550048828125,76.54218292236328
b2c30,69.60946655273438,30.022924423217773,40.384925842285156
b2c31,160.31939697265625,139.53465270996094,224.64418029785156
b2c32,98.81072998046875,86.24223327636719,43.57325744628906
b2c33,98.22831726074219,94.5992431640625,62.56650924682617
b2c34,162.38868713378906,60.679840087890625,60.106746673583984
b2c35,80.89955139160156,102.2409896850586,153.48464965820312
b2c36,18.15282440185547,30.817962646484375,27.569732666015625
b2c37,73.41107940673828,29.98689079284668,41.77921676635742
b2c38,63.91733169555664,67.47954559326172,145.1921844482422
b2c39,119.94136810302734,89.05150604248047,93.95352935791016
b2c4,115.3266372680664,56.22906494140625,101.251708984375
b2c40,422.0897521972656,50.61763000488281,157.02967834472656
b2c41,160.72987365722656,169.5270233154297,78.76103210449219
b2c42,97.77735900878906,74.64031982421875,89.06060791015625
b2c43,64.39112854003906,40.94377136230469,28.277700424194336
b2c44,65.77864074707031,46.62567138671875,29.94466781616211
b2c45,56.29256820678711,53.03639602661133,54.77107620239258
b2c46,85.67740631103516,37.810691833496094,68.0369644165039
b2c47,93.25503540039062,128.1136932373047,153.20933532714844
b2c5,86.05247497558594,45.43732452392578,49.855674743652344
b2c6,104.12744140625,122.16291046142578,37.580055236816406
b3c0,50.34308624267578,46.78913116455078,74.08248901367188
b3c1,67.13430786132812,29.925973892211914,33.02764892578125
b3c10,115.5482406616211,98.94564056396484,77.68658447265625
b3c11,32.01332473754883,51.93387985229492,47.16998291015625
b3c12,42.40962219238281,42.01988220214844,37.441383361816406
b3c13,27.60697364807129,32.56711196899414,32.04686737060547
b3c14,71.76788330078125,42.95869445800781,29.963682174682617
b3c15,45.12590408325195,51.0275993347168,39.054412841796875
b3c16,199.95236206054688,236.0896759033203,207.47650146484375
b3c17,81.2424545288086,112.14220428466797,80.16693115234375
b3c18,83.59294891357422,69.83946990966797,90.11859130859375
b3c19,88.87042236328125,58.71271514892578,58.28909683227539
b3c20,34.140769958496094,38.9827766418457,50.321903228759766
b3c21,274.9404602050781,126.71234130859375,181.02273559570312
b3c22,94.84766387939453,149.9690399169922,169.68832397460938
b3c24,130.95248413085938,145.9842529296875,172.26548767089844
b3c25,41.4644660949707,81.53296661376953,77.39978790283203
b3c26,123.51960754394531,60.311195373535156,77.84820556640625
b3c27,98.49628448486328,110.51080322265625,98.57147216796875
b3c28,96.82643127441406,87.81610107421875,90.9122543334961
b3c29,33.87672424316406,51.52023696899414,57.677188873291016
b3c3,102.01557922363281,72.07061767578125,80.240478515625
b3c30,55.77781677246094,44.17728805541992,28.494131088256836
b3c31,57.93350601196289,67.67597198486328,81.0566635131836
b3c33,76.25381469726562,105.24005889892578,72.460693359375
b3c34,46.559288024902344,83.07600402832031,79.29822540283203
b3c35,109.510009765625,140.76409912109375,159.3569793701172
b3c36,60.70293426513672,87.45003509521484,91.21463775634766
b3c38,288.1156311035156,375.6435546875,373.83221435546875
b3c39,122.75399780273438,157.363525390625,219.50738525390625
b3c4,166.93467712402344,102.02564239501953,89.02596282958984
b3c40,25.697668075561523,55.94476318359375,66.50190734863281
b3c41,97.31593322753906,190.70068359375,98.84380340576172
b3c44,38.84712219238281,71.15892791748047,34.27790451049805
b3c45,312.9941711425781,365.25299072265625,316.886474609375
b3c5,86.54682922363281,108.4897689819336,76.98612976074219
b3c6,130.02911376953125,138.14959716796875,119.39791107177734
b3c7,408.5601501464844,412.7721252441406,413.9765625
b3c8,40.639373779296875,28.855941772460938,47.79154968261719
b3c9,87.4288330078125,87.80452728271484,78.69571685791016
