method,seed,domain,alpha,PICP,MPIW,NMPIW,Winkler,pinball,point_rmse
MC dropout,42,CALCE,0.1,0.5196,0.0589,0.0742,0.39092,0.009773,0.06946
MC dropout,42,NASA,0.1,0.4532,0.039,0.0513,0.33093,0.008273,0.03308
MC dropout,43,CALCE,0.1,0.4065,0.0604,0.0733,0.56188,0.014047,0.07668
MC dropout,43,NASA,0.1,0.3237,0.0416,0.0548,0.27118,0.00678,0.03292
MC dropout,44,CALCE,0.1,0.3871,0.0571,0.067,0.87217,0.021804,0.10244
MC dropout,44,NASA,0.1,0.5243,0.0425,0.0568,0.17512,0.004378,0.02512
MC dropout,45,CALCE,0.1,0.3223,0.061,0.0702,0.96459,0.024115,0.10379
MC dropout,45,NASA,0.1,0.7698,0.0493,0.0617,0.10125,0.002531,0.02142
MC dropout,46,CALCE,0.1,0.348,0.0586,0.0681,1.00749,0.025187,0.11321
MC dropout,46,NASA,0.1,0.5396,0.0388,0.0511,0.17317,0.004329,0.02321
"Deep ensemble (5, seed42 split)",42,CALCE,0.1,0.4021,0.0674,0.0848,0.57693,0.014423,0.08728
"Deep ensemble (5, seed42 split)",42,NASA,0.1,0.0072,0.0108,0.0142,0.42532,0.010633,0.02883
Quantile regression,42,CALCE,0.1,0.6582,0.1294,0.1628,0.39091,0.009773,0.08775
Quantile regression,42,NASA,0.1,0.7122,0.0265,0.0349,0.08196,0.002049,0.01493
Quantile regression,43,CALCE,0.1,0.5105,0.086,0.1044,0.51248,0.012812,0.08313
Quantile regression,43,NASA,0.1,0.8058,0.0609,0.0802,0.08585,0.002146,0.02339
Quantile regression,44,CALCE,0.1,0.6012,0.1154,0.1353,0.7508,0.01877,0.10813
Quantile regression,44,NASA,0.1,0.6019,0.0286,0.0383,0.13301,0.003325,0.02006
Quantile regression,45,CALCE,0.1,0.2658,0.0687,0.079,1.04036,0.026009,0.10944
Quantile regression,45,NASA,0.1,0.9137,0.0513,0.0643,0.05581,0.001395,0.01491
Quantile regression,46,CALCE,0.1,0.2714,0.0568,0.0661,1.2194,0.030485,0.1219
Quantile regression,46,NASA,0.1,0.9712,0.0645,0.0849,0.06676,0.001669,0.01829
Split conformal (recomputed),42,CALCE,0.1,0.9781,0.4697,0.5909,0.54057,0.013514,0.09218
Split conformal (recomputed),42,NASA,0.1,0.8921,0.0874,0.115,0.10915,0.002729,0.03041
Split conformal (recomputed),43,CALCE,0.1,0.9345,0.2728,0.3313,0.41003,0.010251,0.08395
Split conformal (recomputed),43,NASA,0.1,1.0,0.0904,0.1189,0.0904,0.00226,0.01405
Split conformal (recomputed),44,CALCE,0.1,0.7369,0.1586,0.186,0.58789,0.014697,0.10356
Split conformal (recomputed),44,NASA,0.1,0.8447,0.0712,0.0952,0.11003,0.002751,0.02314
Split conformal (recomputed),45,CALCE,0.1,0.8755,0.2986,0.3434,0.50976,0.012744,0.1109
Split conformal (recomputed),45,NASA,0.1,0.9856,0.0665,0.0833,0.06815,0.001704,0.01171
Split conformal (recomputed),46,CALCE,0.1,0.6548,0.1833,0.2131,0.8008,0.02002,0.12654
Split conformal (recomputed),46,NASA,0.1,0.9928,0.0873,0.1148,0.08744,0.002186,0.01338
Split conformal (recomputed),42,CALCE,0.1,0.9803,0.3634,0.4572,0.4297,0.010743,0.07684
Split conformal (recomputed),42,NASA,0.1,0.9281,0.0901,0.1185,0.104,0.0026,0.02653
Split conformal (recomputed),43,CALCE,0.1,0.9202,0.2013,0.2444,0.36899,0.009225,0.07976
Split conformal (recomputed),43,NASA,0.1,0.9784,0.0762,0.1003,0.07901,0.001975,0.01236
Split conformal (recomputed),44,CALCE,0.1,0.6588,0.1217,0.1427,0.60701,0.015175,0.09666
Split conformal (recomputed),44,NASA,0.1,0.6117,0.0342,0.0457,0.14947,0.003737,0.02224
Split conformal (recomputed),45,CALCE,0.1,0.7912,0.1954,0.2247,0.53526,0.013382,0.10272
Split conformal (recomputed),45,NASA,0.1,0.9712,0.0661,0.0828,0.07166,0.001792,0.01263
Split conformal (recomputed),46,CALCE,0.1,0.5839,0.1302,0.1514,0.80481,0.02012,0.11484
Split conformal (recomputed),46,NASA,0.1,1.0,0.1288,0.1695,0.12882,0.00322,0.01631
