model,domain,alpha,PICP_mean,PICP_std,NMPIW_mean,NMPIW_std,Winkler_mean,pinball_mean
tcn,CALCE,0.05,0.905,0.079,0.452,0.191,0.7377,0.00922
tcn,CALCE,0.1,0.836,0.136,0.333,0.16,0.5698,0.01425
tcn,CALCE,0.2,0.723,0.183,0.237,0.156,0.4224,0.02112
tcn,NASA,0.05,0.97,0.054,0.134,0.037,0.1142,0.00143
tcn,NASA,0.1,0.943,0.07,0.105,0.015,0.093,0.00233
tcn,NASA,0.2,0.916,0.103,0.09,0.013,0.0791,0.00395
lstm,CALCE,0.05,0.872,0.101,0.384,0.205,0.7423,0.00928
lstm,CALCE,0.1,0.787,0.168,0.244,0.127,0.5492,0.01373
lstm,CALCE,0.2,0.695,0.192,0.192,0.128,0.3823,0.01912
lstm,NASA,0.05,0.915,0.159,0.122,0.06,0.1386,0.00173
lstm,NASA,0.1,0.898,0.162,0.103,0.046,0.1066,0.00266
lstm,NASA,0.2,0.854,0.198,0.084,0.036,0.0839,0.0042
