model,seed,domain,alpha,route,q,n_windows,PICP,MPIW,NMPIW,Winkler,pinball,point_rmse
tcn,42,CALCE,0.05,target,0.30160224437713623,8582,0.9876,0.6032,0.7589,0.70274,0.008784,0.09218
tcn,42,CALCE,0.05,source,0.005986213684082031,8582,0.0827,0.012,0.0151,2.0428,0.025535,0.09218
tcn,42,CALCE,0.1,target,0.2348252534866333,8582,0.9781,0.4697,0.5909,0.54057,0.013514,0.09218
tcn,42,CALCE,0.1,source,0.004532217979431152,8582,0.0612,0.0091,0.0114,1.05145,0.026286,0.09218
tcn,42,CALCE,0.2,target,0.19543933868408203,8582,0.9633,0.3909,0.4918,0.43719,0.021859,0.09218
tcn,42,CALCE,0.2,source,0.0032446980476379395,8582,0.043,0.0065,0.0082,0.53988,0.026994,0.09218
tcn,42,NASA,0.05,target,0.07071739435195923,139,0.9856,0.1414,0.1861,0.14329,0.001791,0.03041
tcn,42,NASA,0.05,source,0.005986213684082031,139,0.0072,0.012,0.0158,0.86604,0.010825,0.03041
tcn,42,NASA,0.1,target,0.043712079524993896,139,0.8921,0.0874,0.115,0.10915,0.002729,0.03041
tcn,42,NASA,0.1,source,0.004532217979431152,139,0.0,0.0091,0.0119,0.46511,0.011628,0.03041
tcn,42,NASA,0.2,target,0.03777962923049927,139,0.7914,0.0756,0.0994,0.09576,0.004788,0.03041
tcn,42,NASA,0.2,source,0.0032446980476379395,139,0.0,0.0065,0.0085,0.24739,0.012369,0.03041
tcn,43,CALCE,0.05,target,0.20903679728507996,7680,0.9714,0.4181,0.5077,0.56303,0.007038,0.08395
tcn,43,CALCE,0.05,source,0.004267215728759766,7680,0.0694,0.0085,0.0104,2.00765,0.025096,0.08395
tcn,43,CALCE,0.1,target,0.13641643524169922,7680,0.9345,0.2728,0.3313,0.41003,0.010251,0.08395
tcn,43,CALCE,0.1,source,0.003403902053833008,7680,0.0534,0.0068,0.0083,1.02258,0.025565,0.08395
tcn,43,CALCE,0.2,target,0.07771354913711548,7680,0.8111,0.1554,0.1887,0.28673,0.014336,0.08395
tcn,43,CALCE,0.2,source,0.0025499463081359863,7680,0.0395,0.0051,0.0062,0.52113,0.026057,0.08395
tcn,43,NASA,0.05,target,0.05376797914505005,139,1.0,0.1075,0.1415,0.10754,0.001344,0.01405
tcn,43,NASA,0.05,source,0.004267215728759766,139,0.259,0.0085,0.0112,0.31063,0.003883,0.01405
tcn,43,NASA,0.1,target,0.04519921541213989,139,1.0,0.0904,0.1189,0.0904,0.00226,0.01405
tcn,43,NASA,0.1,source,0.003403902053833008,139,0.2374,0.0068,0.009,0.17086,0.004272,0.01405
tcn,43,NASA,0.2,target,0.0361064076423645,139,0.9928,0.0722,0.095,0.07285,0.003642,0.01405
tcn,43,NASA,0.2,source,0.0025499463081359863,139,0.1871,0.0051,0.0067,0.09383,0.004692,0.01405
tcn,44,CALCE,0.05,target,0.12155377864837646,9148,0.8522,0.2431,0.285,0.75507,0.009438,0.10356
tcn,44,CALCE,0.05,source,0.0044596195220947266,9148,0.0695,0.0089,0.0105,2.40681,0.030085,0.10356
tcn,44,CALCE,0.1,target,0.07929807901382446,9148,0.7369,0.1586,0.186,0.58789,0.014697,0.10356
tcn,44,CALCE,0.1,source,0.0033928751945495605,9148,0.0517,0.0068,0.008,1.22578,0.030645,0.10356
tcn,44,CALCE,0.2,target,0.048617005348205566,9148,0.5801,0.0972,0.114,0.41377,0.020688,0.10356
tcn,44,CALCE,0.2,source,0.002412140369415283,9148,0.0374,0.0048,0.0057,0.6237,0.031185,0.10356
tcn,44,NASA,0.05,target,0.039643168449401855,103,0.8738,0.0793,0.106,0.13519,0.00169,0.02314
tcn,44,NASA,0.05,source,0.0044596195220947266,103,0.1845,0.0089,0.0119,0.5233,0.006541,0.02314
tcn,44,NASA,0.1,target,0.035594284534454346,103,0.8447,0.0712,0.0952,0.11003,0.002751,0.02314
tcn,44,NASA,0.1,source,0.0033928751945495605,103,0.1748,0.0068,0.0091,0.28145,0.007036,0.02314
tcn,44,NASA,0.2,target,0.02981036901473999,103,0.8155,0.0596,0.0797,0.08856,0.004428,0.02314
tcn,44,NASA,0.2,source,0.002412140369415283,103,0.1068,0.0048,0.0064,0.15069,0.007535,0.02314
tcn,45,CALCE,0.05,target,0.16556864976882935,8194,0.9137,0.3311,0.3808,0.68621,0.008578,0.1109
tcn,45,CALCE,0.05,source,0.00444793701171875,8194,0.0431,0.0089,0.0102,2.9022,0.036278,0.1109
tcn,45,CALCE,0.1,target,0.14932483434677124,8194,0.8755,0.2986,0.3434,0.50976,0.012744,0.1109
tcn,45,CALCE,0.1,source,0.0033330917358398438,8194,0.0331,0.0067,0.0077,1.47477,0.036869,0.1109
tcn,45,CALCE,0.2,target,0.11653202772140503,8194,0.7551,0.2331,0.268,0.39865,0.019933,0.1109
tcn,45,CALCE,0.2,source,0.0023462772369384766,8194,0.0238,0.0047,0.0054,0.74833,0.037416,0.1109
tcn,45,NASA,0.05,target,0.036695778369903564,139,0.9928,0.0734,0.0919,0.07473,0.000934,0.01171
tcn,45,NASA,0.05,source,0.00444793701171875,139,0.2374,0.0089,0.0111,0.23698,0.002962,0.01171
tcn,45,NASA,0.1,target,0.03325998783111572,139,0.9856,0.0665,0.0833,0.06815,0.001704,0.01171
tcn,45,NASA,0.1,source,0.0033330917358398438,139,0.1583,0.0067,0.0083,0.13883,0.003471,0.01171
tcn,45,NASA,0.2,target,0.02881455421447754,139,0.9856,0.0576,0.0721,0.05909,0.002954,0.01171
tcn,45,NASA,0.2,source,0.0023462772369384766,139,0.1583,0.0047,0.0059,0.07908,0.003954,0.01171
tcn,46,CALCE,0.05,target,0.14139360189437866,10545,0.8013,0.2828,0.3288,0.98143,0.012268,0.12654
tcn,46,CALCE,0.05,source,0.005218923091888428,10545,0.0568,0.0104,0.0121,3.1998,0.039998,0.12654
tcn,46,CALCE,0.1,target,0.09164401888847351,10545,0.6548,0.1833,0.2131,0.8008,0.02002,0.12654
tcn,46,CALCE,0.1,source,0.0037817955017089844,10545,0.0415,0.0076,0.0088,1.62955,0.040739,0.12654
tcn,46,CALCE,0.2,target,0.052021682262420654,10545,0.5073,0.104,0.121,0.57575,0.028788,0.12654
tcn,46,CALCE,0.2,source,0.0025022029876708984,10545,0.0277,0.005,0.0058,0.82835,0.041417,0.12654
tcn,46,NASA,0.05,target,0.055207908153533936,139,1.0,0.1104,0.1453,0.11042,0.00138,0.01338
tcn,46,NASA,0.05,source,0.005218923091888428,139,0.1799,0.0104,0.0137,0.277,0.003462,0.01338
tcn,46,NASA,0.1,target,0.043638408184051514,139,0.9928,0.0873,0.1148,0.08744,0.002186,0.01338
tcn,46,NASA,0.1,source,0.0037817955017089844,139,0.1583,0.0076,0.01,0.16473,0.004118,0.01338
tcn,46,NASA,0.2,target,0.039405226707458496,139,0.9928,0.0788,0.1037,0.0792,0.00396,0.01338
tcn,46,NASA,0.2,source,0.0025022029876708984,139,0.1223,0.005,0.0066,0.09465,0.004733,0.01338
lstm,42,CALCE,0.05,target,0.28497040271759033,8582,0.9908,0.5699,0.7171,0.64738,0.008092,0.07684
lstm,42,CALCE,0.05,source,0.002968132495880127,8582,0.0426,0.0059,0.0075,1.81342,0.022668,0.07684
lstm,42,CALCE,0.1,target,0.18171429634094238,8582,0.9803,0.3634,0.4572,0.4297,0.010743,0.07684
lstm,42,CALCE,0.1,source,0.0022667646408081055,8582,0.0334,0.0045,0.0057,0.92177,0.023044,0.07684
lstm,42,CALCE,0.2,target,0.16299664974212646,8582,0.9753,0.326,0.4101,0.36321,0.01816,0.07684
lstm,42,CALCE,0.2,source,0.0016002058982849121,8582,0.026,0.0032,0.004,0.46829,0.023414,0.07684
lstm,42,NASA,0.05,target,0.05302208662033081,139,0.964,0.106,0.1395,0.11614,0.001452,0.02653
lstm,42,NASA,0.05,source,0.002968132495880127,139,0.0,0.0059,0.0078,0.82545,0.010318,0.02653
lstm,42,NASA,0.1,target,0.045037925243377686,139,0.9281,0.0901,0.1185,0.104,0.0026,0.02653
lstm,42,NASA,0.1,source,0.0022667646408081055,139,0.0,0.0045,0.006,0.42832,0.010708,0.02653
lstm,42,NASA,0.2,target,0.03669464588165283,139,0.8417,0.0734,0.0966,0.08993,0.004496,0.02653
lstm,42,NASA,0.2,source,0.0016002058982849121,139,0.0,0.0032,0.0042,0.22176,0.011088,0.02653
lstm,43,CALCE,0.05,target,0.1843184530735016,7680,0.969,0.3686,0.4476,0.53698,0.006712,0.07976
lstm,43,CALCE,0.05,source,0.003954827785491943,7680,0.0586,0.0079,0.0096,1.87611,0.023451,0.07976
lstm,43,CALCE,0.1,target,0.10065031051635742,7680,0.9202,0.2013,0.2444,0.36899,0.009225,0.07976
lstm,43,CALCE,0.1,source,0.002955138683319092,7680,0.0424,0.0059,0.0072,0.95901,0.023975,0.07976
lstm,43,CALCE,0.2,target,0.06021237373352051,7680,0.7259,0.1204,0.1462,0.26201,0.013101,0.07976
lstm,43,CALCE,0.2,source,0.0020247697830200195,7680,0.0289,0.004,0.0049,0.48957,0.024479,0.07976
lstm,43,NASA,0.05,target,0.04224616289138794,139,0.9928,0.0845,0.1112,0.08772,0.001097,0.01236
lstm,43,NASA,0.05,source,0.003954827785491943,139,0.3165,0.0079,0.0104,0.22691,0.002836,0.01236
lstm,43,NASA,0.1,target,0.038109004497528076,139,0.9784,0.0762,0.1003,0.07901,0.001975,0.01236
lstm,43,NASA,0.1,source,0.002955138683319092,139,0.2374,0.0059,0.0078,0.12986,0.003247,0.01236
lstm,43,NASA,0.2,target,0.031191706657409668,139,0.964,0.0624,0.0821,0.06555,0.003278,0.01236
lstm,43,NASA,0.2,source,0.0020247697830200195,139,0.1511,0.004,0.0053,0.07351,0.003676,0.01236
lstm,44,CALCE,0.05,target,0.10317623615264893,9148,0.8201,0.2064,0.2419,0.7432,0.00929,0.09666
lstm,44,CALCE,0.05,source,0.002989053726196289,9148,0.0456,0.006,0.007,2.33638,0.029205,0.09666
lstm,44,CALCE,0.1,target,0.060843586921691895,9148,0.6588,0.1217,0.1427,0.60701,0.015175,0.09666
lstm,44,CALCE,0.1,source,0.0024524331092834473,9148,0.039,0.0049,0.0058,1.18039,0.02951,0.09666
lstm,44,CALCE,0.2,target,0.043487548828125,9148,0.5601,0.087,0.102,0.39675,0.019837,0.09666
lstm,44,CALCE,0.2,source,0.0017943382263183594,9148,0.029,0.0036,0.0042,0.59769,0.029884,0.09666
lstm,44,NASA,0.05,target,0.01861584186553955,103,0.6311,0.0372,0.0498,0.24472,0.003059,0.02224
lstm,44,NASA,0.05,source,0.002989053726196289,103,0.1359,0.006,0.008,0.5954,0.007442,0.02224
lstm,44,NASA,0.1,target,0.017093658447265625,103,0.6117,0.0342,0.0457,0.14947,0.003737,0.02224
lstm,44,NASA,0.1,source,0.0024524331092834473,103,0.1068,0.0049,0.0066,0.30902,0.007725,0.02224
lstm,44,NASA,0.2,target,0.01330554485321045,103,0.5146,0.0266,0.0356,0.1009,0.005045,0.02224
lstm,44,NASA,0.2,source,0.0017943382263183594,103,0.0874,0.0036,0.0048,0.16162,0.008081,0.02224
lstm,45,CALCE,0.05,target,0.11162310838699341,8194,0.8182,0.2232,0.2567,0.79369,0.009921,0.10272
lstm,45,CALCE,0.05,source,0.0035294294357299805,8194,0.0428,0.0071,0.0081,2.6743,0.033429,0.10272
lstm,45,CALCE,0.1,target,0.0977015495300293,8194,0.7912,0.1954,0.2247,0.53526,0.013382,0.10272
lstm,45,CALCE,0.1,source,0.0024555325508117676,8194,0.0305,0.0049,0.0056,1.35922,0.033981,0.10272
lstm,45,CALCE,0.2,target,0.08545273542404175,8194,0.739,0.1709,0.1965,0.36913,0.018456,0.10272
lstm,45,CALCE,0.2,source,0.001695394515991211,8194,0.0212,0.0034,0.0039,0.68796,0.034398,0.10272
lstm,45,NASA,0.05,target,0.0382499098777771,139,0.9856,0.0765,0.0958,0.08231,0.001029,0.01263
lstm,45,NASA,0.05,source,0.0035294294357299805,139,0.1871,0.0071,0.0088,0.25604,0.003201,0.01263
lstm,45,NASA,0.1,target,0.03306901454925537,139,0.9712,0.0661,0.0828,0.07166,0.001792,0.01263
lstm,45,NASA,0.1,source,0.0024555325508117676,139,0.1151,0.0049,0.0061,0.14771,0.003693,0.01263
lstm,45,NASA,0.2,target,0.028425931930541992,139,0.9568,0.0569,0.0712,0.06121,0.003061,0.01263
lstm,45,NASA,0.2,source,0.001695394515991211,139,0.0647,0.0034,0.0042,0.08164,0.004082,0.01263
lstm,46,CALCE,0.05,target,0.11089956760406494,10545,0.764,0.2218,0.2579,0.99021,0.012378,0.11484
lstm,46,CALCE,0.05,source,0.0037814974784851074,10545,0.0428,0.0076,0.0088,2.91683,0.03646,0.11484
lstm,46,CALCE,0.1,target,0.06509876251220703,10545,0.5839,0.1302,0.1514,0.80481,0.02012,0.11484
lstm,46,CALCE,0.1,source,0.0026848316192626953,10545,0.0296,0.0054,0.0062,1.48113,0.037028,0.11484
lstm,46,CALCE,0.2,target,0.04530680179595947,10545,0.4756,0.0906,0.1053,0.52046,0.026023,0.11484
lstm,46,CALCE,0.2,source,0.0017790794372558594,10545,0.0189,0.0036,0.0041,0.75027,0.037514,0.11484
lstm,46,NASA,0.05,target,0.08096623420715332,139,1.0,0.1619,0.2131,0.16193,0.002024,0.01631
lstm,46,NASA,0.05,source,0.0037814974784851074,139,0.2806,0.0076,0.01,0.36704,0.004588,0.01631
lstm,46,NASA,0.1,target,0.06440836191177368,139,1.0,0.1288,0.1695,0.12882,0.00322,0.01631
lstm,46,NASA,0.1,source,0.0026848316192626953,139,0.2014,0.0054,0.0071,0.20179,0.005045,0.01631
lstm,46,NASA,0.2,target,0.0508994460105896,139,0.9928,0.1018,0.1339,0.10207,0.005103,0.01631
lstm,46,NASA,0.2,source,0.0017790794372558594,139,0.1583,0.0036,0.0047,0.10913,0.005456,0.01631
