comparison,n,seeds,model_mean,pers_mean,diff_mean,wins,wilcoxon_W,wilcoxon_p,holm_p,holm_reject_0.05,cohens_dz,t_old,p_old
h10|lstm|CALCE|ft|H10,5,42;43;44;45;46,0.0819,0.0806,0.00131,2,5.0,0.625,0.9375,False,0.262,0.5851,0.5899
h10|lstm|CALCE|zero|H10,5,42;43;44;45;46,0.1616,0.0806,0.08099,0,0.0,0.0625,0.5,False,3.899,8.7178,0.001
h10|lstm|NASA|ft|H10,5,42;43;44;45;46,0.0227,0.0272,-0.00453,3,3.0,0.3125,0.9375,False,-0.569,-1.273,0.272
h10|lstm|NASA|zero|H10,5,42;43;44;45;46,0.108,0.0272,0.0808,0,0.0,0.0625,0.5,False,10.163,22.7242,0.0
h10|tcn|CALCE|ft|H10,5,42;43;44;45;46,0.0913,0.0806,0.01073,0,0.0,0.0625,0.5,False,1.224,2.7358,0.0521
h10|tcn|CALCE|zero|H10,5,42;43;44;45;46,0.1704,0.0806,0.08986,0,0.0,0.0625,0.5,False,3.364,7.5212,0.0017
h10|tcn|NASA|ft|H10,5,42;43;44;45;46,0.023,0.0272,-0.0042,3,3.0,0.3125,0.9375,False,-0.641,-1.4332,0.2251
h10|tcn|NASA|zero|H10,5,42;43;44;45;46,0.1078,0.0272,0.08056,0,0.0,0.0625,0.5,False,11.703,26.1668,0.0
h20|tcn|CALCE|ft|H20,5,42;43;44;45;46,0.1091,0.1016,0.00756,1,1.0,0.125,0.625,False,0.802,1.7926,0.1475
h20|tcn|CALCE|zero|H20,5,42;43;44;45;46,0.1758,0.1016,0.07423,0,0.0,0.0625,0.5,False,2.554,5.71,0.0047
h20|tcn|NASA|ft|H20,5,42;43;44;45;46,0.0321,0.0467,-0.01455,5,0.0,0.0625,0.5,False,-3.423,-7.6538,0.0016
h20|tcn|NASA|zero|H20,5,42;43;44;45;46,0.1167,0.0467,0.07008,0,0.0,0.0625,0.5,False,11.024,24.6502,0.0
h5|tcn|CALCE|ft|H5,5,42;43;44;45;46,0.0795,0.0654,0.01412,0,0.0,0.0625,0.5,False,1.247,2.7889,0.0494
h5|tcn|CALCE|zero|H5,5,42;43;44;45;46,0.1695,0.0654,0.10416,0,0.0,0.0625,0.5,False,4.406,9.8525,0.0006
h5|tcn|NASA|ft|H5,5,42;43;44;45;46,0.0231,0.0182,0.00483,1,1.0,0.125,0.625,False,0.959,2.1453,0.0985
h5|tcn|NASA|zero|H5,5,42;43;44;45;46,0.1051,0.0182,0.08689,0,0.0,0.0625,0.5,False,9.996,22.351,0.0
