part,model,W,H,domain,ft_mean,ft_std,baseline,persistence
A,tcn,10,10,CALCE,0.1024,0.0209,0.0913,0.0832
A,tcn,10,10,NASA,0.0298,0.008,0.023,0.0269
A,tcn,30,10,CALCE,0.1056,0.0174,0.0913,0.0832
A,tcn,30,10,NASA,0.0247,0.0066,0.023,0.0269
A,tcn,40,10,CALCE,0.1042,0.0179,0.0913,0.0832
A,tcn,40,10,NASA,0.0243,0.0062,0.023,0.0269
B,lstm,20,5,CALCE,0.084,0.0128,0.0819,0.0665
B,lstm,20,5,NASA,0.0183,0.0043,0.0227,0.0181
B,lstm,20,20,CALCE,0.1186,0.0153,0.0819,0.1066
B,lstm,20,20,NASA,0.0239,0.0036,0.0227,0.0461
