part,model,W,H,seed,domain,ft_rmse,zero_rmse
A_window,tcn,10,10,42,CALCE,0.07857,0.16652
A_window,tcn,10,10,42,NASA,0.03515,0.10018
A_window,tcn,10,10,43,CALCE,0.08197,0.16662
A_window,tcn,10,10,43,NASA,0.03878,0.11728
A_window,tcn,10,10,44,CALCE,0.10979,0.15861
A_window,tcn,10,10,44,NASA,0.02424,0.08873
A_window,tcn,10,10,45,CALCE,0.12408,0.14719
A_window,tcn,10,10,45,NASA,0.01915,0.10331
A_window,tcn,10,10,46,CALCE,0.1178,0.15219
A_window,tcn,10,10,46,NASA,0.03189,0.10591
A_window,tcn,30,10,42,CALCE,0.0934,0.17187
A_window,tcn,30,10,42,NASA,0.01794,0.11212
A_window,tcn,30,10,43,CALCE,0.08584,0.18228
A_window,tcn,30,10,43,NASA,0.0335,0.13305
A_window,tcn,30,10,44,CALCE,0.10325,0.16994
A_window,tcn,30,10,44,NASA,0.02466,0.0978
A_window,tcn,30,10,45,CALCE,0.11664,0.14345
A_window,tcn,30,10,45,NASA,0.01879,0.10951
A_window,tcn,30,10,46,CALCE,0.12879,0.16362
A_window,tcn,30,10,46,NASA,0.02873,0.12428
A_window,tcn,40,10,42,CALCE,0.09343,0.17599
A_window,tcn,40,10,42,NASA,0.02067,0.11443
A_window,tcn,40,10,43,CALCE,0.08309,0.16528
A_window,tcn,40,10,43,NASA,0.03057,0.12226
A_window,tcn,40,10,44,CALCE,0.10173,0.17815
A_window,tcn,40,10,44,NASA,0.03145,0.09866
A_window,tcn,40,10,45,CALCE,0.1132,0.14912
A_window,tcn,40,10,45,NASA,0.01856,0.11898
A_window,tcn,40,10,46,CALCE,0.12938,0.16358
A_window,tcn,40,10,46,NASA,0.02003,0.12584
B_horizon_lstm,lstm,20,5,42,CALCE,0.06985,0.15981
B_horizon_lstm,lstm,20,5,42,NASA,0.02578,0.10337
B_horizon_lstm,lstm,20,5,43,CALCE,0.07124,0.15459
B_horizon_lstm,lstm,20,5,43,NASA,0.01619,0.11188
B_horizon_lstm,lstm,20,5,44,CALCE,0.08763,0.1461
B_horizon_lstm,lstm,20,5,44,NASA,0.0147,0.09017
B_horizon_lstm,lstm,20,5,45,CALCE,0.09754,0.14456
B_horizon_lstm,lstm,20,5,45,NASA,0.01695,0.10134
B_horizon_lstm,lstm,20,5,46,CALCE,0.09362,0.15376
B_horizon_lstm,lstm,20,5,46,NASA,0.01785,0.11287
B_horizon_lstm,lstm,20,20,42,CALCE,0.13215,0.16444
B_horizon_lstm,lstm,20,20,42,NASA,0.02966,0.11423
B_horizon_lstm,lstm,20,20,43,CALCE,0.09539,0.16086
B_horizon_lstm,lstm,20,20,43,NASA,0.02159,0.12544
B_horizon_lstm,lstm,20,20,44,CALCE,0.11418,0.15188
B_horizon_lstm,lstm,20,20,44,NASA,0.02209,0.09927
B_horizon_lstm,lstm,20,20,45,CALCE,0.11841,0.15386
B_horizon_lstm,lstm,20,20,45,NASA,0.02512,0.11588
B_horizon_lstm,lstm,20,20,46,CALCE,0.13276,0.16144
B_horizon_lstm,lstm,20,20,46,NASA,0.0208,0.12518
