battery_id,cycle_10,cycle_100,dq_var,dq_mean,dq_slope,dq_intercept,dq_min,dq_max,cycle_life,n_cycles_total
b1c0,10,100,8.438293824442781e-06,0.002618055500263963,0.001770946056073204,-0.002249395578975274,-0.01013621181848634,0.0077560340202442735,-1,1189
b1c1,10,100,8.314305207988137e-06,0.003617224661904129,0.000783990799890568,0.0014636015818088556,-0.007569674231557411,0.01028281211672119,-1,1178
b1c11,10,100,5.867077203643758e-05,0.007687411374620086,0.003884665759178043,-0.002983772846707049,-0.00338529807734822,0.0215016417913656,687,787
b1c14,10,100,7.444800242528987e-05,0.01090290955144279,0.0007204030523812432,0.008925019990272695,-0.006010044270598702,0.025675269026552483,767,879
b1c15,10,100,7.937961353246785e-05,0.010004674919688242,0.0027472870501767154,0.0024619865100936784,-0.010439109430598448,0.026206644103945465,634,718
b1c16,10,100,6.650581522398742e-05,0.011230246307681524,-0.0010508802004629088,0.0141138700898814,-0.004235895900802422,0.025041671637235696,774,861
b1c17,10,100,8.878944134069413e-05,0.012174877653164636,5.6990051982360976e-05,0.01201832541046858,-0.001974312614481999,0.02829836583564682,764,856
b1c18,10,100,0.00018386035407444356,0.018909190134191504,-0.0023050956342908252,0.02523783895750043,-1.4554295200044703e-05,0.04016531289281966,611,690
b1c19,10,100,0.00019848296342680978,0.018370347164009697,0.0010863843896048331,0.015387675726154081,-0.004295979777385495,0.04170628545653332,687,787
b1c2,10,100,1.5281009417990186e-05,0.0041186183332386425,0.002110117812490596,-0.001677896398851214,-0.002136782169881224,0.015748292286820204,-1,1176
b1c20,10,100,0.0003536494048367031,0.029907350500717057,-0.007791142315952121,0.05130968155089051,-3.0862479527152893e-06,0.05780981098825466,416,533
b1c21,10,100,0.00036942887747320617,0.027896576425069486,-0.002140592437617269,0.03377680226029915,-0.0014261077785338028,0.058813979529842686,491,558
b1c23,10,100,7.545120278610947e-05,0.012075966742166789,-0.000983227192217343,0.014776906833402539,-0.0038663669837795123,0.026992501880340747,905,1013
b1c24,10,100,9.504722842185507e-05,0.012558257460070329,0.0016787820267604964,0.007949154186836624,7.077152340747629e-06,0.028791828834579647,898,1016
b1c25,10,100,7.714016249360533e-05,0.011251018755951471,0.001375437712834599,0.007474751283085412,4.455995850117698e-06,0.026747228744189555,740,853
b1c26,10,100,0.00013189602552763906,0.016178127739666343,-0.0007892230460658877,0.018346127196018823,4.285948644365133e-06,0.034703114385638556,778,869
b1c27,10,100,0.0001160965849564481,0.014258898176667902,0.001101419544104079,0.011233292906561358,-0.007547482866018029,0.03269578106667437,756,841
b1c28,10,100,0.00011818732836232653,0.015205314344552055,-0.0006230254386279491,0.016916771454717455,1.63058787020768e-05,0.03378411415876914,720,859
b1c29,10,100,0.00012009159828609279,0.015188594396885078,-0.00037499596397689807,0.016218710278658437,-0.0014358214435796768,0.033539353466700894,797,916
b1c3,10,100,3.0448088017813846e-05,0.006881018774315401,0.0009878369662123185,0.004167427368268146,-0.010283941238760863,0.01725903521752936,-1,1225
b1c30,10,100,0.00014966866326431437,0.016077665995524515,0.0010776474190213367,0.01311736492535403,-0.007866053796234285,0.0370331486627008,639,708
b1c31,10,100,0.0001386977312306496,0.016519207347016184,-0.0009308542882736064,0.019074877150556988,-0.003778794907639549,0.03604251122594282,789,875
b1c32,10,100,0.00018608962303091683,0.018898716867118595,-0.0005004340007345677,0.02027341479710577,-0.0033397325237275455,0.04134474557763412,594,730
b1c33,10,100,0.00017737639573615509,0.01975348118489859,-0.003606160597058294,0.029648806418342045,-1.218565797923908e-06,0.0407955371220311,504,756
b1c34,10,100,0.0001184113888874632,0.014686911734528275,-0.002593030901760144,0.021809971251906715,-0.006038356345922868,0.033897185115650985,661,741
b1c35,10,100,0.00014024837695892053,0.01660263978230294,-0.0007577081588414664,0.01868292935090178,-0.0027718186284696467,0.03562016880923635,622,702
b1c36,10,100,0.00017722927538649135,0.019158310369110185,-0.0016391818799293297,0.023661148402576306,2.030039055190663e-05,0.04057058686205017,572,703
b1c37,10,100,0.00017628884749318848,0.01754874855303807,0.0006009975561346862,0.01589780796583729,-0.010136744730245173,0.04040669534757846,491,647
b1c38,10,100,0.00030345805276594677,0.024571453988534123,-0.0011761960936624977,0.027798940009800953,2.3941905657081806e-05,0.05121658114708372,516,616
b1c39,10,100,0.0002571875581179737,0.022324882284308678,-4.806803511803759e-06,0.02233807217814045,2.501863704868195e-05,0.04844066979108175,516,624
b1c4,10,100,1.873164258714584e-05,0.005265076366374488,0.0008427303176211944,0.0029500901583472718,-0.0034154707220018787,0.012676511385866895,-1,1226
b1c40,10,100,7.316691034433138e-05,0.011496245281041767,0.00037341576709137863,0.010470468789429041,-0.00421022823432915,0.025948986879304803,854,965
b1c41,10,100,7.067179831226359e-05,0.011277220092725611,0.00021592048330955373,0.010684409067092233,-0.007763159754523796,0.025810617618942877,932,1050
b1c42,10,100,0.00017873077932299906,0.018561212806378607,-0.0005666790985754196,0.02011788247187982,1.5834003126364183e-05,0.040569693759239356,538,701
b1c43,10,100,0.0001771363490521456,0.01751163477481725,0.0006171933847270711,0.01581712299244778,-0.0005143265336026159,0.040531790544320545,552,650
b1c44,10,100,0.0003136011746066717,0.026637843244755745,-0.00528551418712093,0.04114928270035813,1.5702161585351903e-05,0.05300663716232645,110,615
b1c45,10,100,0.0003121060203560955,0.026383772686644907,-0.005042907258661047,0.04023666287999642,-0.004473258028326321,0.053512385253901895,220,598
b1c5,10,100,5.4688124114597156e-05,0.010251282115861841,-0.0010092241606643381,0.013022114769530635,7.081343379872966e-06,0.022911686948648757,985,1073
b1c6,10,100,0.0001414542912740052,0.014588813031156637,0.002161990297200246,0.008649807199730457,-0.005286914704067169,0.03454344886815097,581,635
b1c7,10,100,0.00012732743593883922,0.015035728871138894,0.0009228577568501476,0.012500625831491573,-0.004315023827492492,0.03466897140440062,779,869
b1c9,10,100,7.204107342446065e-05,0.01050583763918974,0.0015080620624232876,0.006365441031503858,6.101424453704499e-06,0.025628178908491672,950,1053
b2c0,10,100,0.0014703046980350215,0.06524999177758355,-0.02427933545791883,0.13190912700528626,3.166507015954533e-05,0.12363188514345863,213,326
b2c1,10,100,0.0015371390732441385,0.07081699571522149,-0.05071745009501538,0.21013850820418895,-9.197909124344147e-05,0.12538972649014157,102,170
b2c10,10,100,0.00019513344049012802,0.021413773824112182,-0.00670372216554485,0.03982903939102956,1.0935221705273284e-06,0.04397828196741205,466,596
b2c11,10,100,0.0002845204788102485,0.02515098318344062,-0.005241274443201941,0.03955665848648284,-9.378145871300164e-06,0.05128982402358573,405,505
b2c12,10,100,0.0003941058584991517,0.03201871116109762,-0.010614107281566513,0.06117589206686769,-1.2258671448796862e-05,0.0605011963244384,365,491
b2c13,10,100,0.000537862117458999,0.033919794956639306,-0.003985110329288619,0.044860934294975376,-1.0826349499682688e-06,0.06996863245527651,416,520
b2c14,10,100,0.00026234683083010697,0.022335378634751293,-0.0006857177635595275,0.024219045982681223,-0.0014166858361439605,0.047570890990275116,438,509
b2c17,10,100,0.00030727288140407454,0.022425449799395064,0.00157461458055423,0.01809998126342141,-1.7428222888985802e-05,0.05279431434651838,439,525
b2c18,10,100,0.000244988388316014,0.02412358395242325,-0.007786423045414118,0.04552459027337101,-3.2130351293895346e-06,0.05029084115285032,415,523
b2c19,10,100,0.00039661583129790834,0.028835311077423056,-0.0036720399203799443,0.038916961490330894,-2.2045793263438603e-05,0.05868554775556545,369,489
b2c2,10,100,0.000265419065770591,0.022294469389628667,8.315645082462858e-05,0.02206603794564616,-0.0018690835973224074,0.049914544882045164,393,464
b2c20,10,100,0.00015688063152989148,0.019180190047896,-0.004969897048689399,0.032832551909513466,1.0587674066279897e-05,0.03994698628527582,445,531
b2c21,10,100,0.0002439967526195163,0.02403429617383362,-0.004058323857865688,0.035170346579794426,5.236893647045295e-06,0.05327914776487053,430,520
b2c22,10,100,0.0002306103903445637,0.021613717529968875,-0.0020699068731074607,0.027296681417530236,-0.0014412372142768026,0.04599913775465447,459,540
b2c23,10,100,0.00024394962703496012,0.02498632180178005,-0.005982336133967033,0.04140191795908322,7.682704868475394e-06,0.047557532157662674,463,562
b2c24,10,100,0.0001658181916406419,0.01793346351867334,-0.002045200105605761,0.02354857983801501,-9.350149735562908e-06,0.03999853990221991,404,524
b2c25,10,100,0.0002920039415534049,0.024330548268253767,-0.0040324161472976,0.035413653726900064,2.798492559239797e-06,0.05174587984401846,340,487
b2c26,10,100,0.0003226165786522732,0.026409243400216324,-0.004636861305206203,0.03914676122112875,4.176578076843767e-06,0.053631042777485316,352,498
b2c27,10,100,0.00022661042827814174,0.020983661828930977,-0.0022934107683903132,0.02728710900877789,6.6062168636862265e-06,0.04567296492867212,119,495
b2c28,10,100,0.0002477865323909737,0.021864556020097018,-0.0003008067333809881,0.02269087354552659,1.6374474090561882e-05,0.04729539802410959,458,541
b2c29,10,100,0.00016189365391926355,0.016053125656593083,0.002311302941740179,0.009703967577116416,-0.0032996085650596196,0.03735883042495436,452,522
b2c3,10,100,0.0009681392854052541,0.05167681541569002,-0.01746828934342706,0.09966224816597906,1.9654703101154418e-05,0.0918186112111685,241,361
b2c30,10,100,0.00020520983949980212,0.018917253902302793,-0.0006685212952352239,0.02075369018997803,-6.201252488201845e-06,0.042935113488971055,432,507
b2c31,10,100,0.0001948334371041936,0.020014327392082063,-0.0014203819204999563,0.02391399206245699,-0.004037111572856578,0.041235989436011256,441,519
b2c32,10,100,0.0002698602714464814,0.02202686528174616,0.0014512139131587917,0.018038194190856657,-0.0011423231931957378,0.05264821624671523,470,544
b2c33,10,100,0.00017066898611610318,0.018164181416330638,-0.0009750181703116591,0.020841099409275796,-0.0012144984652399105,0.03933736597593407,472,546
b2c34,10,100,0.00016305376593086327,0.017144515609371726,-0.0007231031107489356,0.01912871329305864,-0.0013117812039294963,0.03862215630291754,453,526
b2c35,10,100,0.00026816647488312893,0.021434260514830807,4.690725313334539e-05,0.021305546205428155,-0.0023195998317301347,0.048452400736782586,418,486
b2c36,10,100,0.00022700297324852273,0.01847676092133386,0.001793094604515243,0.013551121525531068,-0.005909166321207859,0.044429407326482706,483,560
b2c37,10,100,0.00024771871762988245,0.02132949895892873,-0.0009133599737698705,0.023838507986142322,-0.0010001848658839352,0.046498989220839504,434,502
b2c38,10,100,0.00023968073017563554,0.022508106383320414,-0.003988387508997923,0.03345829847328199,8.869525691085985e-06,0.046611860819345985,424,487
b2c39,10,100,0.0002569029299387156,0.02323389906687897,-0.003022019402256,0.031530882044957215,8.816559179894749e-06,0.04719084651692096,420,480
b2c4,10,100,0.00036650695921908486,0.029370326795564464,-0.0071244508559723495,0.04894124744274719,-3.135836620100224e-05,0.05812902013786703,373,471
b2c40,10,100,0.00022690848985678093,0.02177838914102695,-0.003313324986135526,0.0308800991732588,5.7808519161003154e-06,0.04499009038873614,440,530
b2c41,10,100,0.0003010101317692627,0.023643387249655146,0.00047977947115645543,0.022325427764814162,1.1099190055373223e-05,0.051024934918783016,387,452
b2c42,10,100,0.00021316244374247988,0.021627956499270122,-0.004312217433630976,0.033467270852224854,1.2939650074009657e-05,0.0452329458160734,417,492
b2c43,10,100,0.00033231258304708807,0.025870490708818188,-0.003228038285456933,0.03473308531612407,-0.0019007519731241151,0.054119104309999,413,487
b2c44,10,100,0.00029085082966357135,0.02424249773269083,-0.003360612969693526,0.03346906702614913,-0.0007507180363460764,0.05169857438211589,413,479
b2c45,10,100,0.00016936953356579048,0.019001969229302564,-0.002268704607693758,0.0252341116764195,1.1378002219575474e-05,0.03942637647074043,436,514
b2c46,10,100,0.00035273726760998793,0.0274114755930201,-0.003942564614964786,0.03824170808120124,-0.000739735007177722,0.054790528682788664,395,449
b2c47,10,100,7.64745112800878e-05,0.010952204068592328,-0.0031169591957346037,0.019509866035220747,-0.002930432739990718,0.0268179876230763,596,745
b2c5,10,100,0.00020570883214743508,0.020197476828610016,-0.0017898457415998208,0.025111524712397065,8.908574549689309e-06,0.043589032811966355,428,507
b2c6,10,100,0.0004665715743480814,0.035860779028024925,-0.012894255910313533,0.07126203857417773,-4.848754739943291e-07,0.0658560008964657,363,545
b3c0,10,100,4.7055424327350644e-05,0.00922993650812929,-0.001831383529582591,0.01425525556881008,-0.002786014373510337,0.02118221331869552,957,1008
b3c1,10,100,4.2669104677026325e-05,0.008614235137091319,-0.0011872133759791821,0.011873730588694903,-3.077626631728045e-05,0.020101343954471163,974,1062
b3c10,10,100,3.209439978452552e-05,0.0075148258868969866,-0.0010477204743347024,0.010389774378335024,-0.0055766028513745125,0.017205572123798807,1020,1077
b3c11,10,100,0.0001077811803026831,0.014433097052017384,-0.0001804346048787302,0.014928209698021933,-0.009559438747671178,0.03112596589943717,810,816
b3c12,10,100,9.255879784287436e-05,0.013942482500565713,-0.0024085625795977166,0.02055158050711636,-6.781402599652267e-06,0.028698921229339258,915,931
b3c13,10,100,6.64819912927081e-05,0.010571046841742005,-0.0007192864884218911,0.012545848579026488,-0.003620035397745358,0.024955024925986447,811,815
b3c14,10,100,8.276365038844709e-05,0.012123033384614781,9.863971767628166e-05,0.011852069942062424,-0.0029205371597602614,0.0267466109117932,844,857
b3c15,10,100,8.374577879094157e-05,0.012206981989109803,-0.000917432791242728,0.014727169866653598,-0.009645280842816573,0.026926170424699136,870,875
b3c16,10,100,1.69086725833148e-05,0.004966330680283258,-0.0024151717022713472,0.011593564125729013,-0.005607639403868547,0.012326115013103545,1434,1637
b3c17,10,100,2.9976436172744883e-05,0.006723109800409575,-0.003478387760936869,0.016273041485678204,-0.005925122940568961,0.01637480318421547,1157,1314
b3c18,10,100,4.590771251854872e-05,0.009309558980033104,-0.0013637465584509982,0.013053725769946312,-5.07188110134716e-05,0.0212248448075808,1023,1145
b3c19,10,100,5.596911388875335e-05,0.010456873581619118,-0.0023344489275465186,0.016873117547613194,-0.003686758823244096,0.02297895428732455,1025,1154
b3c20,10,100,7.11107986161058e-05,0.010814603152009293,0.0007459775981532214,0.008767640249688036,-0.004948485878638609,0.025470422594219166,807,812
b3c21,10,100,0.00016240213180172735,0.021452169701205514,-0.009360309135438461,0.04716495668084258,-0.00011272485486770335,0.039274713728043475,658,771
b3c22,10,100,7.444908831644009e-05,0.012398105038333425,-0.0032140362243052068,0.02122224615251597,-0.0038351900403867933,0.0257012695244212,945,1001
b3c24,10,100,5.7734659271379344e-05,0.009369636284750313,0.0001477508902116791,0.008963986215674144,-0.001508087258833557,0.022396401454029657,811,824
b3c25,10,100,5.9406239521992206e-05,0.009902162669852619,-0.0003980467985829729,0.010994404219597681,-0.011947941845904753,0.02402687083861854,948,988
b3c26,10,100,4.9596671683840916e-05,0.009292869213992501,-6.313701894099562e-05,0.009466022639967025,-0.0006823915747973253,0.02200030167706013,987,1027
b3c27,10,100,6.141221920688868e-05,0.009919007074685923,-0.0003360889866761215,0.010841235405365248,-0.005393088267973689,0.024253331071739437,816,849
b3c28,10,100,0.00028864599165207363,0.02771195721927847,-0.008152764527487893,0.05008314715908776,-6.172287642375925e-05,0.05251209171990956,538,540
b3c29,10,100,7.101293854945355e-05,0.010591796010199805,-0.0002943386619839944,0.01139946143113628,-4.597795993381559e-05,0.02602825453585067,846,857
b3c3,10,100,6.317629733281295e-05,0.009847991910455484,0.0006796668330840569,0.007982984489272406,-0.003243610455369028,0.024493848499241855,1025,1114
b3c30,10,100,6.66037324719248e-05,0.01015579990620548,0.0002203504903700723,0.00955016627493264,-0.011386419280450366,0.024357313409126502,909,934
b3c31,10,100,0.00012079792828426291,0.014978476127041887,-0.0009216743741121649,0.017508933121166866,-0.018041892482638433,0.032447323070087575,709,730
b3c33,10,100,3.350245450736408e-05,0.007174955138653549,-0.0010090324175629365,0.009948284118583908,-0.005176781596394675,0.018061680583078,1169,1283
b3c34,10,100,4.100735401923377e-05,0.008718529432803462,-0.001693213280202446,0.013364718780153976,-0.003223862178404313,0.019598879324582263,1016,1157
b3c35,10,100,4.825272579623165e-05,0.008929685421882305,-0.0010515684356873691,0.011818347963254016,-8.914098642181893e-05,0.020881366226691678,962,1092
b3c36,10,100,4.6056226844927026e-05,0.00919485219541404,-0.0011830227833442483,0.012441071208397275,-3.5880838891408015e-05,0.020990258532912587,860,922
b3c38,10,100,3.734625848077123e-05,0.008107214695909342,-0.0033678167049536268,0.017348519731431537,-0.002679323482178586,0.01843401808617473,1705,1934
b3c39,10,100,2.8933312624732097e-05,0.005822308005544513,-0.002061533906746144,0.01147920033786803,-0.0051763163165175485,0.01577221998335765,1061,1155
b3c4,10,100,5.4694980237766495e-05,0.009187219045236984,0.0005834972201235501,0.00758435048941564,-1.5428997542913346e-05,0.022494688821174225,966,1047
b3c40,10,100,4.2565914105462375e-05,0.008279695679360863,-0.0001673001314530269,0.008739269533617637,-0.00826998036067983,0.020085057789472227,782,795
b3c41,10,100,5.004938149897251e-05,0.008887590985516754,-0.0020610049052851814,0.014549175376244523,-0.003941110497404088,0.022004579693590265,755,785
b3c44,10,100,6.259231029739044e-05,0.010110754922353266,-0.00035090828491012076,0.01107417428529975,-0.01345263432038346,0.02354152415352151,922,939
b3c45,10,100,2.4929206365294324e-05,0.006388332579042288,-0.0005157746136123454,0.0078043920128135725,-0.003308296648383946,0.014823997877284611,1628,1800
b3c5,10,100,6.32422376098224e-05,0.010635190680727937,-0.001495578166342844,0.014739058589971994,-3.085493913194612e-05,0.023313896133124956,770,827
b3c6,10,100,0.0002440926863169216,0.026161521820413116,-0.011474541711543487,0.05766488699027069,-0.00013060595576243946,0.04845944596915697,551,666
b3c7,10,100,2.6572226636951504e-05,0.006590198228770331,-0.00038202520675589553,0.007638475759032467,-1.783324758443004e-05,0.015601644939351123,1718,1835
b3c8,10,100,6.73522432445042e-05,0.010733780388049521,-0.00020308686602606285,0.011291355866132557,-0.00882310132732389,0.02443853904712845,824,827
b3c9,10,100,8.56331699425593e-05,0.013095934448278716,-0.0003978895415115635,0.014187147470809083,-0.0003994418344721584,0.026729511447744603,1006,1038
