battery_id,cycle_life,pred_cycle_life
b1c11,687,982.7412315412209
b1c14,767,834.639128615382
b1c15,634,848.3938370578627
b1c16,774,840.0971346672363
b1c17,764,766.0779579458625
b1c18,611,546.2332266378102
b1c19,687,530.0892261642908
b1c20,416,341.40057126065636
b1c21,491,342.1739358126118
b1c23,905,786.3271254289648
b1c24,898,749.9432901566747
b1c25,740,800.7970694333088
b1c26,778,624.5945552158075
b1c27,756,669.7196637637359
b1c28,720,639.6103139025512
b1c29,797,646.985192642905
b1c30,639,596.2123660186602
b1c31,789,602.7948639493549
b1c32,594,526.262858816765
b1c33,504,526.2437923562296
b1c34,661,647.8891002810147
b1c35,622,613.3376171279789
b1c36,572,531.1741034193067
b1c37,491,551.2340473012353
b1c38,516,418.19091761981593
b1c39,516,439.8666937801705
b1c40,854,816.6675956836273
b1c41,932,819.5240059756367
b1c42,538,536.0786886728459
b1c43,552,541.6568180021736
b1c44,110,406.5337039229166
b1c45,220,397.09844937499577
b1c5,985,890.9496580648376
b1c6,581,653.5141838800707
b1c7,779,630.4615164415834
b1c9,950,827.6036614979108
b2c0,213,100.53472348676178
b2c1,102,258.3731447912395
b2c10,466,478.6004985627848
b2c11,405,407.68270675945803
b2c12,365,325.15132810311945
b2c13,416,279.19601528151236
b2c14,438,459.91444896608465
b2c17,439,408.7023355301565
b2c18,415,403.3884856946805
b2c19,369,358.8259804298115
b2c2,393,427.51176000194664
b2c20,445,532.3490811511241
b2c21,430,359.4583512983862
b2c22,459,467.00079655387594
b2c23,463,434.4982998041879
b2c24,404,544.61287062568
b2c25,340,411.0856237371216
b2c26,352,393.48022412336553
b2c27,119,484.3876629871974
b2c28,458,455.3934248046215
b2c29,452,603.2294852088
b2c3,241,213.8354853500497
b2c30,432,515.4164225430762
b2c31,441,531.516227862565
b2c32,470,387.59120805127895
b2c33,472,556.7067671443697
b2c34,453,571.4967657930646
b2c35,418,456.1908694193451
b2c36,483,508.9930964688349
b2c37,434,472.6389372391307
b2c38,424,460.28908753214415
b2c39,420,458.3857077722736
b2c4,373,348.479807468186
b2c40,440,480.49551968792974
b2c41,387,427.1209805690843
b2c42,417,468.971783747412
b2c43,413,393.8972107488203
b2c44,413,409.53462362559605
b2c45,436,549.7850138962369
b2c46,395,389.98305424549875
b2c47,596,815.4513617785138
b2c5,428,496.67044063920156
b2c6,363,286.9670173509586
b3c0,957,951.7919171586747
b3c1,974,985.6931779658634
b3c10,1020,1090.0998147402072
b3c11,810,695.3043009845085
b3c12,915,741.6697493592111
b3c13,811,848.4251198495164
b3c14,844,799.9350950414342
b3c15,870,798.2409655893122
b3c16,1434,1290.21836463681
b3c17,1157,1130.6485816103077
b3c18,1023,942.5544711526445
b3c19,1025,892.993279163673
b3c20,807,835.499874438008
b3c21,658,525.2560222729329
b3c22,945,818.8193247083511
b3c24,811,926.0831086813276
b3c25,948,872.1229617983674
b3c26,987,922.7319097654889
b3c27,816,870.1623663709553
b3c28,538,376.01821482806986
b3c29,846,819.9150593764758
b3c3,1025,859.673285609025
b3c30,909,870.7255811985689
b3c31,709,677.546223861369
b3c33,1169,1060.377360463378
b3c34,1016,1000.9174310123116
b3c35,962,963.9335598484679
b3c36,860,957.627399836395
b3c38,1705,1026.4642490215172
b3c39,1061,1167.9700029821752
b3c4,966,914.4415230637446
b3c40,782,1002.7216373605183
b3c41,755,940.947121936601
b3c44,922,891.8114555014226
b3c45,1628,1163.2136396486783
b3c5,770,893.720576390407
b3c6,551,409.1457761701923
b3c7,1718,1118.8143336750913
b3c8,824,865.9201540301037
b3c9,1006,788.5033689521773
